Profession,avg_spending_score
Entertainment,52.940170940170923
Artist,52.678104575163417
Doctor,51.900621118012424
Healthcare,50.516224188790559
Executive,49.901960784313715
Engineer,48.966480446927356
Lawyer,48.859154929577436
Marketing,48.717647058823523
Homemaker,46.383333333333326
UnKnown,44.428571428571423